[
{
    "model": "store.user",
    "pk": 1,
    "fields": {
        "password": "pbkdf2_sha256$870000$TOHzFuqdJKaisKmkA496B1$ufqPHFqK+IH3fklMLYXzJx+YlKzY82oaubr0IDk+8Ew=",
        "last_login": "2024-10-05T16:33:52.676Z",
        "is_superuser": true,
        "username": "kasutaja",
        "is_staff": true,
        "date_joined": "2024-09-23T20:07:18.462Z",
        "profile_name": null,
        "email": "ott4004@gmail.com",
        "first_name": null,
        "last_name": null,
        "is_active": true,
        "is_admin": false,
        "order_history": null,
        "groups": [],
        "user_permissions": []
    }
},
{
    "model": "store.category",
    "pk": 1,
    "fields": {
        "name": "Krimi"
    }
},
{
    "model": "store.category",
    "pk": 2,
    "fields": {
        "name": "Drama"
    }
},
{
    "model": "store.category",
    "pk": 3,
    "fields": {
        "name": "Ponevik"
    }
},
{
    "model": "store.category",
    "pk": 4,
    "fields": {
        "name": "Ajalugu"
    }
},
{
    "model": "store.category",
    "pk": 5,
    "fields": {
        "name": "Lastele"
    }
},
{
    "model": "store.category",
    "pk": 6,
    "fields": {
        "name": "Muinasjutud"
    }
},
{
    "model": "store.category",
    "pk": 7,
    "fields": {
        "name": "Biograafia"
    }
},
{
    "model": "store.category",
    "pk": 8,
    "fields": {
        "name": "Krimi"
    }
},
{
    "model": "store.category",
    "pk": 9,
    "fields": {
        "name": "Meelelahutus"
    }
},
{
    "model": "store.category",
    "pk": 10,
    "fields": {
        "name": "Finance"
    }
},
{
    "model": "store.subcategory",
    "pk": 1,
    "fields": {
        "name": "Noortele",
        "category": 1
    }
},
{
    "model": "store.subcategory",
    "pk": 2,
    "fields": {
        "name": "Ajalugu",
        "category": 4
    }
},
{
    "model": "store.subcategory",
    "pk": 3,
    "fields": {
        "name": "Muinasjutud",
        "category": 6
    }
},
{
    "model": "store.subcategory",
    "pk": 4,
    "fields": {
        "name": "Meelis Lao",
        "category": 8
    }
},
{
    "model": "store.book",
    "pk": 3,
    "fields": {
        "title": "Syndikaat",
        "author": "Roland Tamm",
        "description": "Endise kaitsepolitseiniku ponev lugu varjatud syndmustest joustruktuurides. Ongi koik, motles Max, kui oma kabinetti tagasi joudis. Ta vottis tyhjast seifist ainsad sinna veel jaanud asjad ja pooliku konjakipudeli, isikliku Sig Saueri, millele oli graveeritud Aasta kaitsepolitseinik 2002, politseikoloneli pagunid. Pani need enda ette lauale ja ryypas pudelist suure soomu. Ta tundis end nagu filmis, kus filmilint kerib sellise kiirusega, et sekundi murdosa jooksul vilksatavad kaadris yksteise jarel koik viimase 28 aasta syndmused  Politseiakadeemia, interrinne, Ida-Virumaa joukude arveteklaarimised, Teabeamet, Kollane maja, islamiterrorismi oht  Roland Tamme debyytromaan Syndikaat heidab poneva pilgu Eesti lahiajaloole ja joustruktuurides toimunule labi kaitsepolitseinik Maxi silmade. Olgugi et tegelased ja syndmused selles loos on valja moeldud, ei kahtle lugeja, et just nii vois koik olla ka tegelikult.",
        "cover_art": "book_covers/sündikaat_QjP49LM.jpg",
        "price": "24.65",
        "availability": true,
        "download_link": "https://www.apollo.ee/sundikaat.html",
        "category": 3,
        "subcategory": 2
    }
},
{
    "model": "store.book",
    "pk": 4,
    "fields": {
        "title": "Loomamuinasjutud lastele",
        "author": "Manuela Guaccio",
        "description": "\"Imekenade illustratsioonidega raamatus rullub lahti ponev ja volujoudu tais muinasjutu- ja valmimaailm, mis pakub lugemislusti pikaks ajaks. Sellest raamatust leiad yheksa lyhiversiooni muinasjuttudest ja valmidest, mille autorid on naiteks Hans Christian Andersen, vennad Grimmid ja kuulus valmimeister Aisopos. Loe kaasakiskuvaid lugusid hirve tarkusest ja ettevaatlikkusest, krabi onnelikust paasemisest ja Bremeni linna moosekantidest.\r\nLabi valmimaailma opib laps tundma elutarkusi.\r\n\"",
        "cover_art": "book_covers/Looma_muinasjutud.jpg",
        "price": "6.99",
        "availability": true,
        "download_link": "https://www.apollo.ee/loomamuinasjutud-lastele.html",
        "category": 5,
        "subcategory": 3
    }
},
{
    "model": "store.book",
    "pk": 5,
    "fields": {
        "title": "Meelis Lao. Vabadusvõitleja, spioon või mafiooso?",
        "author": "Meelis Lao",
        "description": "Taasiseseisvunud Eesti ajaloos on olulisi peatükke, millest keegi ei tea.\r\n\r\nAvalikkus on alati piiratud informatsiooniväljas. Inimestele näidatakse pilti jäämäe veepealsest osast, kus valitsevad loosungid, demokraatia ja … illusioon.\r\n\r\nJäämäe veealuses osas, millest see raamat räägib, käib reaalne elu. Siin on riiklikud struktuurid, politsei, luure, poliitikud, äri- ja kriminaalne maailm omavahel seotud, olles üksteise rahastaja, käepikendus või täidesaatev jõud. Saladused ja võim on müügis. Korruptsioon on valuuta, milles toimub arveldamine. Eetika sõltub summast. Vägivald on lahendus. Kui mõnes loos saavad osalejad musta pori näkku, siis siin saadakse automaadist tina või pannakse kümneks aastaks trellide taha.\r\n\r\nSee kõik toimub ajal, kui äsja taasiseseisvunud Eesti üritab end jõuga lahti rebida Venemaa mõjusfäärist, omamata selleks mingit ressurssi. Hästi rahastatud ja hambuni relvastatud kriminaalsed gängid kogu endise Nõukogude Liidu aladelt on kehtestamas siin oma korda. Noor Eesti riik on ohus. Võidelda tuleb vahendeid valimata. Meelis Laole tehakse „pakkumine, millest ei saa keelduda“.\r\n\r\nKes ta siis on – vabadusvõitleja, spioon või mafiooso?",
        "cover_art": "book_covers/meelis_lao_1P5efHi.png",
        "price": "28.45",
        "availability": true,
        "download_link": "https://www.apollo.ee/meelis-lao-vabadusvoitleja-spioon-voi-mafiooso.html",
        "category": 7,
        "subcategory": 4
    }
},
{
    "model": "store.book",
    "pk": 6,
    "fields": {
        "title": "Chuck Norrise anekdoodid",
        "author": "Katrin Kaarep",
        "description": "Rohkem kui 350 anekdoodist koosnev kogumik mille peategelaseks on Chuck Norris\r\n\r\nChuck Norris ei loe raamatuid.\r\nTa jõllitab neid nii kaua, kuni saab teada kogu info.\r\n\r\nChuck Norris ei kirjuta raamatuid\r\n– teda nähes võtavad tähed ennast ise ritta.",
        "cover_art": "book_covers/chuck_norris_q9Ej68i.jpg",
        "price": "15.20",
        "availability": true,
        "download_link": "https://www.apollo.ee/chuck-norrise-anekdoodid.html",
        "category": 9,
        "subcategory": 1
    }
},
{
    "model": "store.book",
    "pk": 7,
    "fields": {
        "title": "Kuidas saavutada finantsvabadus",
        "author": "Kristi Saare",
        "description": "Rahaasjadele lähenetakse tihti nii, nagu need eksisteeriks kõikidest teistest elu aspektidest eraldiseisvana. Tegelikkuses on kõik rahalist edu mõjutavad tegurid väga tugevalt seotud meie igapäevase elukorraldusega - olgu nendeks oskus oma elu planeerida, võimekus oma sissetulekut suurendada, mõtteviisi kujundamine või ka meid ümbritsevad inimsuhted. Ükski asi ei loksu ise paika - vaja on sihipäraselt tegutseda.\r\n\r\nMeil kõigil on võimalus oma elujärge oluliselt parandada, kuid mõnikord on lihtsalt puudu vajalikest tööriistadest või ideedest, et oma sihtideni jõuda. Tegelikkuses on kõik unistused päriselt saavutatavad ning kõik selleks vajalikud oskused õpitavad. Raamat “Kuidas saavutada finantsvabadus” näitab kätte teeotsa, mida mööda saab hakata oma eesmärkide poole liikuma.\r\n\r\nRaamatu autor Kristi Saare on investor ja rahatarkuse entusiast, kelle julgustavate sõnade saatel on oma rahaasjad korda saanud ja esimesed sammud investeerimismaailmas astunud kümned tuhanded eestlased. Ta on tegelenud investeerimisega 2012. aastast ja Äripäev on ta valinud aasta investoriks 2021. Kristi on raamatu „Kuidas alustada investeerimisega“ autor, ettevõtja, koolitaja, mentor ja MTÜ Naisinvestorite Klubi asutaja.",
        "cover_art": "book_covers/finants.jpg",
        "price": "34.15",
        "availability": true,
        "download_link": "https://www.apollo.ee/kuidas-saavutada-finantsvabadus.html",
        "category": 10,
        "subcategory": 1
    }
},
{
    "model": "store.ebook",
    "pk": 1,
    "fields": {
        "title": "Mina olin siin",
        "author": "Sass Henno",
        "description": "yhelt poolt on see lugu noortest, kes elavad valjaspool kehtivaid seadusi, kaibetodesid ja moraalinorme. Teiselt poolt on see yhe poisi ylestunnistus syndmustest, mis on jaanud piisavalt kaugele, et neid saaks valutult jutustada.\r\n\r\nSass Henno Mina olin siin voitis 2004. aastal romaanivoistluse ja saavutas ilmudes kohe lugejate tulise poolehoiu. Toona nimetas yks kriitikuist autorit tuleviku klassikuks. Nyyd on see tulevik kaes. 2007. aastal valmis romaani pohjal mangufilm ja juba peaaegu 20 aastat kuulub Mina olin siin soovitusliku koolikirjanduse nimekirja.",
        "cover_art": "ebooks/mina_olin_siin.png",
        "price": "19.99",
        "availability": true,
        "download_link": "https://rahvaraamat.ee/p/mina-olin-siin/1656055/et?isbn=9789916140758"
    }
},
{
    "model": "store.ebook",
    "pk": 2,
    "fields": {
        "title": "Ulos Ikkunasta",
        "author": "Scribe, Eugene, 1791-1861",
        "description": "Huvinaytelma 1:ssa naytoksessa",
        "cover_art": "ebooks/ulos_ikkunasta.jpg",
        "price": "5.50",
        "availability": true,
        "download_link": "https://gutenberg.org/ebooks/74464"
    }
},
{
    "model": "store.ebook",
    "pk": 3,
    "fields": {
        "title": "Vestlused tulnukaga",
        "author": "Triin Lellep",
        "description": "Minu sõber Rohaan „Vestlused tulnukaga“ on põnev jutuajamine Rohaaniga, kelle kodu asub Maast 500 valgusaasta kaugusel. Rohaan elab emalaeval oma planeedi kohal ja täidab esimese kontakti spetsialisti tööülesandeid, avastades uusi planeete ja nende elanikke. Tema rahvas on planeedi Maa arengut jälginud miljoneid aastaid ja ta seletab meile, kes lõi inimrassi, miks, kuidas ja kes ehitasid püramiidid ning palju muud rabavat meie ajaloo kohta. Näiteks seda, et meie, eestlased, oleme äravalitud rahvas ja räägime keelt, mis on pärit teiselt planeedilt. See raamat purustab nii mõnedki meie vanad arusaamad ning avab elu uuest maagilisest vaatenurgast. Rohaan seletab lahti ka mõisted, nagu paralleelreaalsused, teadvus, aeg ja hing. Ta tuletab meile meelde, et me kõik loome oma reaalsust ise ja et see on puhas füüsika. Kogu Rohaani tsivilisatsioon elab tingimusteta armastuses ja rõõmus ning Rohaan õpetab ka meid selleni jõudma. „Maa on meistrikursus ja te olete kõik äärmiselt võimsad ja julged hinged, et olete valinud selle kogemuse.“ *** Triin Lellep on laulja, näitleja ja kirjanik. Varem on temalt ilmunud raamat „Minu Pariis“ (2021). Tema abikaasa Linus Kordes alustas kanaldamist 2016. aastal. On Essassanist pärit maavälise olendi Rohaan kanaldaja. Tema kogemus kanaldamisega sai alguse mediteerimisest.",
        "cover_art": "ebooks/tulnukaga_UaYWh3a.jpg",
        "price": "9.16",
        "availability": true,
        "download_link": "https://www.apollo.ee/e-raamat-vestlused-tulnukaga.html"
    }
},
{
    "model": "store.ebook",
    "pk": 4,
    "fields": {
        "title": "Minu Tenerife.",
        "author": "Olavi Antons",
        "description": "Raamatu ilmumisest viis aastat hiljem kirjutab autor, mis on saanud temast ja Tenerifest pärast seda, kui maailm käis uperkuuti ehk algas koroonapandeemia. Näiteks sellest, kui karmid reeglid saarel valitsesid ja kuidas ta korraldas evakuatsioonilennu Tenerife eestlastele.",
        "cover_art": "ebooks/tenerife.jpg",
        "price": "4.99",
        "availability": true,
        "download_link": "https://www.apollo.ee/e-raamat-minu-tenerife-lisapeatukid.html"
    }
},
{
    "model": "store.ebook",
    "pk": 5,
    "fields": {
        "title": "Eesti kuuhoroskoop. Oktoober 2024",
        "author": "Maria Angel",
        "description": "Eesti kuuhoroskoop. Oktoober 2024",
        "cover_art": "ebooks/horoskoop.jpg",
        "price": "4.58",
        "availability": true,
        "download_link": "https://www.apollo.ee/e-raamat-eesti-kuuhoroskoop-oktoober-2024.html"
    }
},
{
    "model": "store.accessory",
    "pk": 1,
    "fields": {
        "name": "Raamatu kaas pehme",
        "description": "Pehme plast kaas",
        "price": "2.00",
        "availability": true
    }
},
{
    "model": "store.accessory",
    "pk": 2,
    "fields": {
        "name": "Raamatu kaas kova",
        "description": "Kovast materjalist kaitse kaaned",
        "price": "4.00",
        "availability": true
    }
},
{
    "model": "store.accessory",
    "pk": 3,
    "fields": {
        "name": "Dollar",
        "description": "JARJEHOIDJA MILLION DOLLAR",
        "price": "4.99",
        "availability": true
    }
},
{
    "model": "store.accessory",
    "pk": 4,
    "fields": {
        "name": "Cats",
        "description": "Magnet bookmarks",
        "price": "3.99",
        "availability": true
    }
},
{
    "model": "store.bookwrap",
    "pk": 1,
    "fields": {
        "accessory": 1,
        "color": "Red",
        "price": "2.00",
        "availability": true
    }
},
{
    "model": "store.bookwrap",
    "pk": 2,
    "fields": {
        "accessory": 2,
        "color": "Green",
        "price": "4.00",
        "availability": true
    }
},
{
    "model": "store.bookmark",
    "pk": 1,
    "fields": {
        "accessory": 3,
        "design": "Million Dollar",
        "price": "4.99",
        "availability": true
    }
},
{
    "model": "store.bookmark",
    "pk": 2,
    "fields": {
        "accessory": 4,
        "design": "Cats",
        "price": "3.99",
        "availability": true
    }
},
{
    "model": "store.schooloffice",
    "pk": 1,
    "fields": {
        "name": "Pen",
        "description": "Pastapliiats",
        "price": "2.00",
        "availability": true
    }
},
{
    "model": "store.schooloffice",
    "pk": 2,
    "fields": {
        "name": "Ballpoint pen",
        "description": "Pastapliiats",
        "price": "2.00",
        "availability": true
    }
},
{
    "model": "store.schooloffice",
    "pk": 3,
    "fields": {
        "name": "Vihik",
        "description": "vihik jooneline",
        "price": "0.50",
        "availability": true
    }
},
{
    "model": "store.schooloffice",
    "pk": 4,
    "fields": {
        "name": "Kaustik",
        "description": "Folder",
        "price": "2.50",
        "availability": true
    }
},
{
    "model": "store.schooloffice",
    "pk": 5,
    "fields": {
        "name": "Scissors",
        "description": "Kaarid",
        "price": "3.00",
        "availability": true
    }
},
{
    "model": "store.schooloffice",
    "pk": 6,
    "fields": {
        "name": "paper clips",
        "description": "kirja klambrid",
        "price": "3.50",
        "availability": true
    }
},
{
    "model": "store.bookletfolder",
    "pk": 1,
    "fields": {
        "school_office": 3,
        "size": "20x30",
        "price": "0.50",
        "availability": true
    }
},
{
    "model": "store.bookletfolder",
    "pk": 2,
    "fields": {
        "school_office": 4,
        "size": "30x40",
        "price": "2.50",
        "availability": true
    }
},
{
    "model": "store.pencil",
    "pk": 1,
    "fields": {
        "school_office": 1,
        "pencil_type": "Harilik pliiats",
        "price": "1.00",
        "availability": true
    }
},
{
    "model": "store.pencil",
    "pk": 2,
    "fields": {
        "school_office": 2,
        "pencil_type": "Pastapliiats",
        "price": "2.00",
        "availability": true
    }
},
{
    "model": "store.other",
    "pk": 1,
    "fields": {
        "school_office": 5,
        "description": "vaikesed kaarid",
        "price": "3.00",
        "availability": true
    }
},
{
    "model": "store.other",
    "pk": 2,
    "fields": {
        "school_office": 6,
        "description": "kirja klambrid",
        "price": "3.50",
        "availability": true
    }
},
{
    "model": "store.review",
    "pk": 1,
    "fields": {
        "user": 1,
        "book": 3,
        "ebook": null,
        "rating": 4,
        "review_text": "Pole lugenud, kindlasti hea lugemine.",
        "review_date": "2024-10-06T15:28:37.967Z"
    }
},
{
    "model": "store.review",
    "pk": 2,
    "fields": {
        "user": 1,
        "book": null,
        "ebook": 1,
        "rating": 5,
        "review_text": "Väga hea raamat, sai kiiresti läbi.",
        "review_date": "2024-10-06T15:29:59.762Z"
    }
},
{
    "model": "store.favorite",
    "pk": 4,
    "fields": {
        "user": 1,
        "book": null,
        "ebook": null,
        "book_wrap": 1,
        "bookmark": null,
        "pencil": null,
        "other": null,
        "booklet_folder": null,
        "fav_rating": 1,
        "created_at": "2024-10-06T15:26:15.292Z"
    }
},
{
    "model": "store.favorite",
    "pk": 5,
    "fields": {
        "user": 1,
        "book": null,
        "ebook": null,
        "book_wrap": 2,
        "bookmark": null,
        "pencil": null,
        "other": null,
        "booklet_folder": null,
        "fav_rating": 1,
        "created_at": "2024-10-06T15:26:17.932Z"
    }
},
{
    "model": "store.favorite",
    "pk": 6,
    "fields": {
        "user": 1,
        "book": null,
        "ebook": null,
        "book_wrap": null,
        "bookmark": null,
        "pencil": null,
        "other": null,
        "booklet_folder": 1,
        "fav_rating": 1,
        "created_at": "2024-10-06T15:27:07.960Z"
    }
},
{
    "model": "store.favorite",
    "pk": 7,
    "fields": {
        "user": 1,
        "book": null,
        "ebook": null,
        "book_wrap": null,
        "bookmark": null,
        "pencil": null,
        "other": null,
        "booklet_folder": 2,
        "fav_rating": 1,
        "created_at": "2024-10-06T15:27:09.651Z"
    }
},
{
    "model": "store.favorite",
    "pk": 8,
    "fields": {
        "user": 1,
        "book": null,
        "ebook": null,
        "book_wrap": null,
        "bookmark": null,
        "pencil": 1,
        "other": null,
        "booklet_folder": null,
        "fav_rating": 1,
        "created_at": "2024-10-06T15:27:13.908Z"
    }
},
{
    "model": "store.favorite",
    "pk": 9,
    "fields": {
        "user": 1,
        "book": null,
        "ebook": null,
        "book_wrap": null,
        "bookmark": null,
        "pencil": 2,
        "other": null,
        "booklet_folder": null,
        "fav_rating": 1,
        "created_at": "2024-10-06T15:27:15.246Z"
    }
},
{
    "model": "store.favorite",
    "pk": 10,
    "fields": {
        "user": 1,
        "book": null,
        "ebook": null,
        "book_wrap": null,
        "bookmark": null,
        "pencil": null,
        "other": 1,
        "booklet_folder": null,
        "fav_rating": 1,
        "created_at": "2024-10-06T15:27:26.993Z"
    }
},
{
    "model": "store.favorite",
    "pk": 11,
    "fields": {
        "user": 1,
        "book": null,
        "ebook": null,
        "book_wrap": null,
        "bookmark": null,
        "pencil": null,
        "other": 2,
        "booklet_folder": null,
        "fav_rating": 1,
        "created_at": "2024-10-06T15:27:28.341Z"
    }
},
{
    "model": "store.favorite",
    "pk": 12,
    "fields": {
        "user": 1,
        "book": 4,
        "ebook": null,
        "book_wrap": null,
        "bookmark": null,
        "pencil": null,
        "other": null,
        "booklet_folder": null,
        "fav_rating": 1,
        "created_at": "2024-10-06T15:27:41.479Z"
    }
},
{
    "model": "store.favorite",
    "pk": 13,
    "fields": {
        "user": 1,
        "book": 3,
        "ebook": null,
        "book_wrap": null,
        "bookmark": null,
        "pencil": null,
        "other": null,
        "booklet_folder": null,
        "fav_rating": 1,
        "created_at": "2024-10-06T15:27:45.132Z"
    }
},
{
    "model": "store.favorite",
    "pk": 14,
    "fields": {
        "user": 1,
        "book": null,
        "ebook": 1,
        "book_wrap": null,
        "bookmark": null,
        "pencil": null,
        "other": null,
        "booklet_folder": null,
        "fav_rating": 1,
        "created_at": "2024-10-06T15:30:27.276Z"
    }
},
{
    "model": "store.favorite",
    "pk": 15,
    "fields": {
        "user": 1,
        "book": null,
        "ebook": 2,
        "book_wrap": null,
        "bookmark": null,
        "pencil": null,
        "other": null,
        "booklet_folder": null,
        "fav_rating": 1,
        "created_at": "2024-10-06T15:30:30.971Z"
    }
},
{
    "model": "store.favorite",
    "pk": 16,
    "fields": {
        "user": 1,
        "book": 5,
        "ebook": null,
        "book_wrap": null,
        "bookmark": null,
        "pencil": null,
        "other": null,
        "booklet_folder": null,
        "fav_rating": 1,
        "created_at": "2024-10-06T19:38:45.674Z"
    }
},
{
    "model": "store.favorite",
    "pk": 17,
    "fields": {
        "user": 1,
        "book": 6,
        "ebook": null,
        "book_wrap": null,
        "bookmark": null,
        "pencil": null,
        "other": null,
        "booklet_folder": null,
        "fav_rating": 1,
        "created_at": "2024-10-06T19:38:48.480Z"
    }
},
{
    "model": "store.favorite",
    "pk": 18,
    "fields": {
        "user": 1,
        "book": 7,
        "ebook": null,
        "book_wrap": null,
        "bookmark": null,
        "pencil": null,
        "other": null,
        "booklet_folder": null,
        "fav_rating": 1,
        "created_at": "2024-10-06T19:38:52.488Z"
    }
},
{
    "model": "store.favorite",
    "pk": 19,
    "fields": {
        "user": 1,
        "book": null,
        "ebook": 3,
        "book_wrap": null,
        "bookmark": null,
        "pencil": null,
        "other": null,
        "booklet_folder": null,
        "fav_rating": 1,
        "created_at": "2024-10-06T19:46:23.029Z"
    }
},
{
    "model": "store.favorite",
    "pk": 20,
    "fields": {
        "user": 1,
        "book": null,
        "ebook": 4,
        "book_wrap": null,
        "bookmark": null,
        "pencil": null,
        "other": null,
        "booklet_folder": null,
        "fav_rating": 1,
        "created_at": "2024-10-06T19:46:34.237Z"
    }
},
{
    "model": "store.favorite",
    "pk": 21,
    "fields": {
        "user": 1,
        "book": null,
        "ebook": 5,
        "book_wrap": null,
        "bookmark": null,
        "pencil": null,
        "other": null,
        "booklet_folder": null,
        "fav_rating": 1,
        "created_at": "2024-10-06T19:47:37.933Z"
    }
},
{
    "model": "store.cart",
    "pk": 28,
    "fields": {
        "user": 1,
        "book": 7,
        "ebook": null,
        "accessory": null,
        "pencil": null,
        "other": null,
        "book_wrap": null,
        "bookmark": null,
        "booklet_folder": null,
        "school_office": null,
        "quantity": 1,
        "total_cost": "34.15",
        "created_at": "2024-10-06T19:38:29.507Z"
    }
},
{
    "model": "store.cart",
    "pk": 29,
    "fields": {
        "user": 1,
        "book": 6,
        "ebook": null,
        "accessory": null,
        "pencil": null,
        "other": null,
        "book_wrap": null,
        "bookmark": null,
        "booklet_folder": null,
        "school_office": null,
        "quantity": 1,
        "total_cost": "15.20",
        "created_at": "2024-10-06T19:38:37.748Z"
    }
},
{
    "model": "store.cart",
    "pk": 30,
    "fields": {
        "user": 1,
        "book": 5,
        "ebook": null,
        "accessory": null,
        "pencil": null,
        "other": null,
        "book_wrap": null,
        "bookmark": null,
        "booklet_folder": null,
        "school_office": null,
        "quantity": 1,
        "total_cost": "28.45",
        "created_at": "2024-10-06T19:38:56.659Z"
    }
},
{
    "model": "store.cart",
    "pk": 31,
    "fields": {
        "user": 1,
        "book": null,
        "ebook": 3,
        "accessory": null,
        "pencil": null,
        "other": null,
        "book_wrap": null,
        "bookmark": null,
        "booklet_folder": null,
        "school_office": null,
        "quantity": 2,
        "total_cost": "18.32",
        "created_at": "2024-10-06T19:46:27.124Z"
    }
},
{
    "model": "store.cart",
    "pk": 32,
    "fields": {
        "user": 1,
        "book": null,
        "ebook": 4,
        "accessory": null,
        "pencil": null,
        "other": null,
        "book_wrap": null,
        "bookmark": null,
        "booklet_folder": null,
        "school_office": null,
        "quantity": 3,
        "total_cost": "14.97",
        "created_at": "2024-10-06T19:46:38.459Z"
    }
},
{
    "model": "store.cart",
    "pk": 33,
    "fields": {
        "user": 1,
        "book": null,
        "ebook": 5,
        "accessory": null,
        "pencil": null,
        "other": null,
        "book_wrap": null,
        "bookmark": null,
        "booklet_folder": null,
        "school_office": null,
        "quantity": 1,
        "total_cost": "4.58",
        "created_at": "2024-10-06T19:47:06.315Z"
    }
},
{
    "model": "store.order",
    "pk": 4,
    "fields": {
        "user": 1,
        "order_date": "2024-09-29T14:38:33.315Z",
        "book": null,
        "ebook": 2,
        "accessory": null,
        "pencil": null,
        "other": null,
        "book_wrap": null,
        "bookmark": null,
        "booklet_folder": null,
        "school_office": null,
        "delivery_method": null,
        "parcel_machine_location": null,
        "post_office_location": null,
        "home_address": null,
        "phone_number": null,
        "price": "5.50",
        "quantity": 3,
        "total_cost": "16.50",
        "status": "Pending",
        "payment_method": "Credit Card",
        "payment_status": "Unpaid",
        "delivery_email": "ott4004@gmail.com",
        "email_sent_date": null,
        "download_link": null,
        "download_expiry_date": null
    }
},
{
    "model": "store.order",
    "pk": 5,
    "fields": {
        "user": 1,
        "order_date": "2024-09-29T14:38:33.319Z",
        "book": null,
        "ebook": 1,
        "accessory": null,
        "pencil": null,
        "other": null,
        "book_wrap": null,
        "bookmark": null,
        "booklet_folder": null,
        "school_office": null,
        "delivery_method": null,
        "parcel_machine_location": null,
        "post_office_location": null,
        "home_address": null,
        "phone_number": null,
        "price": "19.99",
        "quantity": 2,
        "total_cost": "39.98",
        "status": "Pending",
        "payment_method": "Credit Card",
        "payment_status": "Unpaid",
        "delivery_email": "ott4004@gmail.com",
        "email_sent_date": null,
        "download_link": null,
        "download_expiry_date": null
    }
},
{
    "model": "store.order",
    "pk": 6,
    "fields": {
        "user": 1,
        "order_date": "2024-09-29T15:53:41.574Z",
        "book": null,
        "ebook": 1,
        "accessory": null,
        "pencil": null,
        "other": null,
        "book_wrap": null,
        "bookmark": null,
        "booklet_folder": null,
        "school_office": null,
        "delivery_method": null,
        "parcel_machine_location": null,
        "post_office_location": null,
        "home_address": null,
        "phone_number": null,
        "price": "19.99",
        "quantity": 3,
        "total_cost": "59.97",
        "status": "Pending",
        "payment_method": "Credit Card",
        "payment_status": "Unpaid",
        "delivery_email": "ott4004@gmail.com",
        "email_sent_date": null,
        "download_link": null,
        "download_expiry_date": null
    }
},
{
    "model": "store.order",
    "pk": 7,
    "fields": {
        "user": 1,
        "order_date": "2024-10-01T13:57:49.673Z",
        "book": null,
        "ebook": null,
        "accessory": null,
        "pencil": 2,
        "other": null,
        "book_wrap": null,
        "bookmark": null,
        "booklet_folder": null,
        "school_office": null,
        "delivery_method": null,
        "parcel_machine_location": null,
        "post_office_location": null,
        "home_address": null,
        "phone_number": null,
        "price": "2.00",
        "quantity": 1,
        "total_cost": "2.00",
        "status": "Pending",
        "payment_method": "Credit Card",
        "payment_status": "Unpaid",
        "delivery_email": "ott4004@gmail.com",
        "email_sent_date": null,
        "download_link": null,
        "download_expiry_date": null
    }
},
{
    "model": "store.order",
    "pk": 8,
    "fields": {
        "user": 1,
        "order_date": "2024-10-01T13:57:49.703Z",
        "book": null,
        "ebook": null,
        "accessory": null,
        "pencil": 1,
        "other": null,
        "book_wrap": null,
        "bookmark": null,
        "booklet_folder": null,
        "school_office": null,
        "delivery_method": null,
        "parcel_machine_location": null,
        "post_office_location": null,
        "home_address": null,
        "phone_number": null,
        "price": "1.00",
        "quantity": 1,
        "total_cost": "1.00",
        "status": "Pending",
        "payment_method": "Credit Card",
        "payment_status": "Unpaid",
        "delivery_email": "ott4004@gmail.com",
        "email_sent_date": null,
        "download_link": null,
        "download_expiry_date": null
    }
},
{
    "model": "store.order",
    "pk": 9,
    "fields": {
        "user": 1,
        "order_date": "2024-10-01T13:57:49.706Z",
        "book": null,
        "ebook": 1,
        "accessory": null,
        "pencil": null,
        "other": null,
        "book_wrap": null,
        "bookmark": null,
        "booklet_folder": null,
        "school_office": null,
        "delivery_method": null,
        "parcel_machine_location": null,
        "post_office_location": null,
        "home_address": null,
        "phone_number": null,
        "price": "19.99",
        "quantity": 1,
        "total_cost": "19.99",
        "status": "Pending",
        "payment_method": "Credit Card",
        "payment_status": "Unpaid",
        "delivery_email": "ott4004@gmail.com",
        "email_sent_date": null,
        "download_link": null,
        "download_expiry_date": null
    }
},
{
    "model": "store.order",
    "pk": 10,
    "fields": {
        "user": 1,
        "order_date": "2024-10-01T13:57:49.721Z",
        "book": null,
        "ebook": 2,
        "accessory": null,
        "pencil": null,
        "other": null,
        "book_wrap": null,
        "bookmark": null,
        "booklet_folder": null,
        "school_office": null,
        "delivery_method": null,
        "parcel_machine_location": null,
        "post_office_location": null,
        "home_address": null,
        "phone_number": null,
        "price": "5.50",
        "quantity": 1,
        "total_cost": "5.50",
        "status": "Pending",
        "payment_method": "Credit Card",
        "payment_status": "Unpaid",
        "delivery_email": "ott4004@gmail.com",
        "email_sent_date": null,
        "download_link": null,
        "download_expiry_date": null
    }
},
{
    "model": "store.order",
    "pk": 11,
    "fields": {
        "user": 1,
        "order_date": "2024-10-01T13:57:49.723Z",
        "book": 3,
        "ebook": null,
        "accessory": null,
        "pencil": null,
        "other": null,
        "book_wrap": null,
        "bookmark": null,
        "booklet_folder": null,
        "school_office": null,
        "delivery_method": null,
        "parcel_machine_location": null,
        "post_office_location": null,
        "home_address": null,
        "phone_number": null,
        "price": "24.65",
        "quantity": 1,
        "total_cost": "24.65",
        "status": "Pending",
        "payment_method": "Credit Card",
        "payment_status": "Unpaid",
        "delivery_email": "ott4004@gmail.com",
        "email_sent_date": null,
        "download_link": null,
        "download_expiry_date": null
    }
},
{
    "model": "store.order",
    "pk": 12,
    "fields": {
        "user": 1,
        "order_date": "2024-10-01T13:57:49.738Z",
        "book": 4,
        "ebook": null,
        "accessory": null,
        "pencil": null,
        "other": null,
        "book_wrap": null,
        "bookmark": null,
        "booklet_folder": null,
        "school_office": null,
        "delivery_method": null,
        "parcel_machine_location": null,
        "post_office_location": null,
        "home_address": null,
        "phone_number": null,
        "price": "6.99",
        "quantity": 1,
        "total_cost": "6.99",
        "status": "Pending",
        "payment_method": "Credit Card",
        "payment_status": "Unpaid",
        "delivery_email": "ott4004@gmail.com",
        "email_sent_date": null,
        "download_link": null,
        "download_expiry_date": null
    }
},
{
    "model": "store.order",
    "pk": 13,
    "fields": {
        "user": 1,
        "order_date": "2024-10-01T13:57:49.740Z",
        "book": null,
        "ebook": null,
        "accessory": null,
        "pencil": null,
        "other": null,
        "book_wrap": 1,
        "bookmark": null,
        "booklet_folder": null,
        "school_office": null,
        "delivery_method": null,
        "parcel_machine_location": null,
        "post_office_location": null,
        "home_address": null,
        "phone_number": null,
        "price": "2.00",
        "quantity": 1,
        "total_cost": "2.00",
        "status": "Pending",
        "payment_method": "Credit Card",
        "payment_status": "Unpaid",
        "delivery_email": "ott4004@gmail.com",
        "email_sent_date": null,
        "download_link": null,
        "download_expiry_date": null
    }
},
{
    "model": "store.order",
    "pk": 14,
    "fields": {
        "user": 1,
        "order_date": "2024-10-01T13:57:49.751Z",
        "book": null,
        "ebook": null,
        "accessory": null,
        "pencil": null,
        "other": null,
        "book_wrap": 2,
        "bookmark": null,
        "booklet_folder": null,
        "school_office": null,
        "delivery_method": null,
        "parcel_machine_location": null,
        "post_office_location": null,
        "home_address": null,
        "phone_number": null,
        "price": "4.00",
        "quantity": 1,
        "total_cost": "4.00",
        "status": "Pending",
        "payment_method": "Credit Card",
        "payment_status": "Unpaid",
        "delivery_email": "ott4004@gmail.com",
        "email_sent_date": null,
        "download_link": null,
        "download_expiry_date": null
    }
},
{
    "model": "store.order",
    "pk": 15,
    "fields": {
        "user": 1,
        "order_date": "2024-10-01T13:57:49.757Z",
        "book": null,
        "ebook": null,
        "accessory": null,
        "pencil": null,
        "other": null,
        "book_wrap": null,
        "bookmark": null,
        "booklet_folder": 1,
        "school_office": null,
        "delivery_method": null,
        "parcel_machine_location": null,
        "post_office_location": null,
        "home_address": null,
        "phone_number": null,
        "price": "0.50",
        "quantity": 1,
        "total_cost": "0.50",
        "status": "Pending",
        "payment_method": "Credit Card",
        "payment_status": "Unpaid",
        "delivery_email": "ott4004@gmail.com",
        "email_sent_date": null,
        "download_link": null,
        "download_expiry_date": null
    }
},
{
    "model": "store.order",
    "pk": 16,
    "fields": {
        "user": 1,
        "order_date": "2024-10-01T13:57:49.767Z",
        "book": null,
        "ebook": null,
        "accessory": null,
        "pencil": null,
        "other": null,
        "book_wrap": null,
        "bookmark": null,
        "booklet_folder": 2,
        "school_office": null,
        "delivery_method": null,
        "parcel_machine_location": null,
        "post_office_location": null,
        "home_address": null,
        "phone_number": null,
        "price": "2.50",
        "quantity": 1,
        "total_cost": "2.50",
        "status": "Pending",
        "payment_method": "Credit Card",
        "payment_status": "Unpaid",
        "delivery_email": "ott4004@gmail.com",
        "email_sent_date": null,
        "download_link": null,
        "download_expiry_date": null
    }
},
{
    "model": "store.order",
    "pk": 17,
    "fields": {
        "user": 1,
        "order_date": "2024-10-01T13:58:29.144Z",
        "book": null,
        "ebook": null,
        "accessory": null,
        "pencil": 2,
        "other": null,
        "book_wrap": null,
        "bookmark": null,
        "booklet_folder": null,
        "school_office": null,
        "delivery_method": null,
        "parcel_machine_location": null,
        "post_office_location": null,
        "home_address": null,
        "phone_number": null,
        "price": "2.00",
        "quantity": 1,
        "total_cost": "2.00",
        "status": "Pending",
        "payment_method": "Credit Card",
        "payment_status": "Unpaid",
        "delivery_email": "ott4004@gmail.com",
        "email_sent_date": null,
        "download_link": null,
        "download_expiry_date": null
    }
},
{
    "model": "store.order",
    "pk": 18,
    "fields": {
        "user": 1,
        "order_date": "2024-10-01T13:58:29.160Z",
        "book": null,
        "ebook": null,
        "accessory": null,
        "pencil": 1,
        "other": null,
        "book_wrap": null,
        "bookmark": null,
        "booklet_folder": null,
        "school_office": null,
        "delivery_method": null,
        "parcel_machine_location": null,
        "post_office_location": null,
        "home_address": null,
        "phone_number": null,
        "price": "1.00",
        "quantity": 1,
        "total_cost": "1.00",
        "status": "Pending",
        "payment_method": "Credit Card",
        "payment_status": "Unpaid",
        "delivery_email": "ott4004@gmail.com",
        "email_sent_date": null,
        "download_link": null,
        "download_expiry_date": null
    }
},
{
    "model": "store.order",
    "pk": 19,
    "fields": {
        "user": 1,
        "order_date": "2024-10-01T13:58:29.169Z",
        "book": null,
        "ebook": 1,
        "accessory": null,
        "pencil": null,
        "other": null,
        "book_wrap": null,
        "bookmark": null,
        "booklet_folder": null,
        "school_office": null,
        "delivery_method": null,
        "parcel_machine_location": null,
        "post_office_location": null,
        "home_address": null,
        "phone_number": null,
        "price": "19.99",
        "quantity": 1,
        "total_cost": "19.99",
        "status": "Pending",
        "payment_method": "Credit Card",
        "payment_status": "Unpaid",
        "delivery_email": "ott4004@gmail.com",
        "email_sent_date": null,
        "download_link": null,
        "download_expiry_date": null
    }
},
{
    "model": "store.order",
    "pk": 20,
    "fields": {
        "user": 1,
        "order_date": "2024-10-01T13:58:29.176Z",
        "book": null,
        "ebook": 2,
        "accessory": null,
        "pencil": null,
        "other": null,
        "book_wrap": null,
        "bookmark": null,
        "booklet_folder": null,
        "school_office": null,
        "delivery_method": null,
        "parcel_machine_location": null,
        "post_office_location": null,
        "home_address": null,
        "phone_number": null,
        "price": "5.50",
        "quantity": 1,
        "total_cost": "5.50",
        "status": "Pending",
        "payment_method": "Credit Card",
        "payment_status": "Unpaid",
        "delivery_email": "ott4004@gmail.com",
        "email_sent_date": null,
        "download_link": null,
        "download_expiry_date": null
    }
},
{
    "model": "store.order",
    "pk": 21,
    "fields": {
        "user": 1,
        "order_date": "2024-10-01T13:58:29.181Z",
        "book": 3,
        "ebook": null,
        "accessory": null,
        "pencil": null,
        "other": null,
        "book_wrap": null,
        "bookmark": null,
        "booklet_folder": null,
        "school_office": null,
        "delivery_method": null,
        "parcel_machine_location": null,
        "post_office_location": null,
        "home_address": null,
        "phone_number": null,
        "price": "24.65",
        "quantity": 1,
        "total_cost": "24.65",
        "status": "Pending",
        "payment_method": "Credit Card",
        "payment_status": "Unpaid",
        "delivery_email": "ott4004@gmail.com",
        "email_sent_date": null,
        "download_link": null,
        "download_expiry_date": null
    }
},
{
    "model": "store.order",
    "pk": 22,
    "fields": {
        "user": 1,
        "order_date": "2024-10-01T13:58:29.187Z",
        "book": 4,
        "ebook": null,
        "accessory": null,
        "pencil": null,
        "other": null,
        "book_wrap": null,
        "bookmark": null,
        "booklet_folder": null,
        "school_office": null,
        "delivery_method": null,
        "parcel_machine_location": null,
        "post_office_location": null,
        "home_address": null,
        "phone_number": null,
        "price": "6.99",
        "quantity": 1,
        "total_cost": "6.99",
        "status": "Pending",
        "payment_method": "Credit Card",
        "payment_status": "Unpaid",
        "delivery_email": "ott4004@gmail.com",
        "email_sent_date": null,
        "download_link": null,
        "download_expiry_date": null
    }
},
{
    "model": "store.order",
    "pk": 23,
    "fields": {
        "user": 1,
        "order_date": "2024-10-01T13:58:29.193Z",
        "book": null,
        "ebook": null,
        "accessory": null,
        "pencil": null,
        "other": null,
        "book_wrap": 1,
        "bookmark": null,
        "booklet_folder": null,
        "school_office": null,
        "delivery_method": null,
        "parcel_machine_location": null,
        "post_office_location": null,
        "home_address": null,
        "phone_number": null,
        "price": "2.00",
        "quantity": 1,
        "total_cost": "2.00",
        "status": "Pending",
        "payment_method": "Credit Card",
        "payment_status": "Unpaid",
        "delivery_email": "ott4004@gmail.com",
        "email_sent_date": null,
        "download_link": null,
        "download_expiry_date": null
    }
},
{
    "model": "store.order",
    "pk": 24,
    "fields": {
        "user": 1,
        "order_date": "2024-10-01T13:58:29.196Z",
        "book": null,
        "ebook": null,
        "accessory": null,
        "pencil": null,
        "other": null,
        "book_wrap": 2,
        "bookmark": null,
        "booklet_folder": null,
        "school_office": null,
        "delivery_method": null,
        "parcel_machine_location": null,
        "post_office_location": null,
        "home_address": null,
        "phone_number": null,
        "price": "4.00",
        "quantity": 1,
        "total_cost": "4.00",
        "status": "Pending",
        "payment_method": "Credit Card",
        "payment_status": "Unpaid",
        "delivery_email": "ott4004@gmail.com",
        "email_sent_date": null,
        "download_link": null,
        "download_expiry_date": null
    }
},
{
    "model": "store.order",
    "pk": 25,
    "fields": {
        "user": 1,
        "order_date": "2024-10-01T13:58:29.206Z",
        "book": null,
        "ebook": null,
        "accessory": null,
        "pencil": null,
        "other": null,
        "book_wrap": null,
        "bookmark": null,
        "booklet_folder": 1,
        "school_office": null,
        "delivery_method": null,
        "parcel_machine_location": null,
        "post_office_location": null,
        "home_address": null,
        "phone_number": null,
        "price": "0.50",
        "quantity": 1,
        "total_cost": "0.50",
        "status": "Pending",
        "payment_method": "Credit Card",
        "payment_status": "Unpaid",
        "delivery_email": "ott4004@gmail.com",
        "email_sent_date": null,
        "download_link": null,
        "download_expiry_date": null
    }
},
{
    "model": "store.order",
    "pk": 26,
    "fields": {
        "user": 1,
        "order_date": "2024-10-01T13:58:29.206Z",
        "book": null,
        "ebook": null,
        "accessory": null,
        "pencil": null,
        "other": null,
        "book_wrap": null,
        "bookmark": null,
        "booklet_folder": 2,
        "school_office": null,
        "delivery_method": null,
        "parcel_machine_location": null,
        "post_office_location": null,
        "home_address": null,
        "phone_number": null,
        "price": "2.50",
        "quantity": 1,
        "total_cost": "2.50",
        "status": "Pending",
        "payment_method": "Credit Card",
        "payment_status": "Unpaid",
        "delivery_email": "ott4004@gmail.com",
        "email_sent_date": null,
        "download_link": null,
        "download_expiry_date": null
    }
},
{
    "model": "store.order",
    "pk": 27,
    "fields": {
        "user": 1,
        "order_date": "2024-10-01T13:58:29.216Z",
        "book": null,
        "ebook": null,
        "accessory": null,
        "pencil": null,
        "other": null,
        "book_wrap": null,
        "bookmark": 1,
        "booklet_folder": null,
        "school_office": null,
        "delivery_method": null,
        "parcel_machine_location": null,
        "post_office_location": null,
        "home_address": null,
        "phone_number": null,
        "price": "4.99",
        "quantity": 1,
        "total_cost": "4.99",
        "status": "Pending",
        "payment_method": "Credit Card",
        "payment_status": "Unpaid",
        "delivery_email": "ott4004@gmail.com",
        "email_sent_date": null,
        "download_link": null,
        "download_expiry_date": null
    }
},
{
    "model": "store.order",
    "pk": 28,
    "fields": {
        "user": 1,
        "order_date": "2024-10-01T13:58:29.224Z",
        "book": null,
        "ebook": null,
        "accessory": null,
        "pencil": null,
        "other": null,
        "book_wrap": null,
        "bookmark": 2,
        "booklet_folder": null,
        "school_office": null,
        "delivery_method": null,
        "parcel_machine_location": null,
        "post_office_location": null,
        "home_address": null,
        "phone_number": null,
        "price": "3.99",
        "quantity": 1,
        "total_cost": "3.99",
        "status": "Pending",
        "payment_method": "Credit Card",
        "payment_status": "Unpaid",
        "delivery_email": "ott4004@gmail.com",
        "email_sent_date": null,
        "download_link": null,
        "download_expiry_date": null
    }
},
{
    "model": "store.order",
    "pk": 29,
    "fields": {
        "user": 1,
        "order_date": "2024-10-01T16:19:05.192Z",
        "book": 4,
        "ebook": null,
        "accessory": null,
        "pencil": null,
        "other": null,
        "book_wrap": null,
        "bookmark": null,
        "booklet_folder": null,
        "school_office": null,
        "delivery_method": null,
        "parcel_machine_location": null,
        "post_office_location": null,
        "home_address": null,
        "phone_number": null,
        "price": "6.99",
        "quantity": 1,
        "total_cost": "6.99",
        "status": "Pending",
        "payment_method": "Credit Card",
        "payment_status": "Unpaid",
        "delivery_email": "ott4004@gmail.com",
        "email_sent_date": null,
        "download_link": null,
        "download_expiry_date": null
    }
},
{
    "model": "store.order",
    "pk": 30,
    "fields": {
        "user": 1,
        "order_date": "2024-10-01T16:19:05.192Z",
        "book": 3,
        "ebook": null,
        "accessory": null,
        "pencil": null,
        "other": null,
        "book_wrap": null,
        "bookmark": null,
        "booklet_folder": null,
        "school_office": null,
        "delivery_method": null,
        "parcel_machine_location": null,
        "post_office_location": null,
        "home_address": null,
        "phone_number": null,
        "price": "24.65",
        "quantity": 1,
        "total_cost": "24.65",
        "status": "Pending",
        "payment_method": "Credit Card",
        "payment_status": "Unpaid",
        "delivery_email": "ott4004@gmail.com",
        "email_sent_date": null,
        "download_link": null,
        "download_expiry_date": null
    }
},
{
    "model": "store.order",
    "pk": 31,
    "fields": {
        "user": 1,
        "order_date": "2024-10-01T16:19:05.192Z",
        "book": null,
        "ebook": 1,
        "accessory": null,
        "pencil": null,
        "other": null,
        "book_wrap": null,
        "bookmark": null,
        "booklet_folder": null,
        "school_office": null,
        "delivery_method": null,
        "parcel_machine_location": null,
        "post_office_location": null,
        "home_address": null,
        "phone_number": null,
        "price": "19.99",
        "quantity": 1,
        "total_cost": "19.99",
        "status": "Pending",
        "payment_method": "Credit Card",
        "payment_status": "Unpaid",
        "delivery_email": "ott4004@gmail.com",
        "email_sent_date": null,
        "download_link": null,
        "download_expiry_date": null
    }
},
{
    "model": "store.order",
    "pk": 32,
    "fields": {
        "user": 1,
        "order_date": "2024-10-01T16:19:05.209Z",
        "book": null,
        "ebook": null,
        "accessory": null,
        "pencil": null,
        "other": null,
        "book_wrap": 1,
        "bookmark": null,
        "booklet_folder": null,
        "school_office": null,
        "delivery_method": null,
        "parcel_machine_location": null,
        "post_office_location": null,
        "home_address": null,
        "phone_number": null,
        "price": "2.00",
        "quantity": 1,
        "total_cost": "2.00",
        "status": "Pending",
        "payment_method": "Credit Card",
        "payment_status": "Unpaid",
        "delivery_email": "ott4004@gmail.com",
        "email_sent_date": null,
        "download_link": null,
        "download_expiry_date": null
    }
},
{
    "model": "store.order",
    "pk": 33,
    "fields": {
        "user": 1,
        "order_date": "2024-10-01T16:19:05.209Z",
        "book": null,
        "ebook": null,
        "accessory": null,
        "pencil": null,
        "other": null,
        "book_wrap": null,
        "bookmark": 1,
        "booklet_folder": null,
        "school_office": null,
        "delivery_method": null,
        "parcel_machine_location": null,
        "post_office_location": null,
        "home_address": null,
        "phone_number": null,
        "price": "4.99",
        "quantity": 1,
        "total_cost": "4.99",
        "status": "Pending",
        "payment_method": "Credit Card",
        "payment_status": "Unpaid",
        "delivery_email": "ott4004@gmail.com",
        "email_sent_date": null,
        "download_link": null,
        "download_expiry_date": null
    }
},
{
    "model": "store.order",
    "pk": 34,
    "fields": {
        "user": 1,
        "order_date": "2024-10-01T16:19:05.227Z",
        "book": null,
        "ebook": null,
        "accessory": null,
        "pencil": null,
        "other": null,
        "book_wrap": null,
        "bookmark": null,
        "booklet_folder": 2,
        "school_office": null,
        "delivery_method": null,
        "parcel_machine_location": null,
        "post_office_location": null,
        "home_address": null,
        "phone_number": null,
        "price": "2.50",
        "quantity": 1,
        "total_cost": "2.50",
        "status": "Pending",
        "payment_method": "Credit Card",
        "payment_status": "Unpaid",
        "delivery_email": "ott4004@gmail.com",
        "email_sent_date": null,
        "download_link": null,
        "download_expiry_date": null
    }
},
{
    "model": "store.order",
    "pk": 35,
    "fields": {
        "user": 1,
        "order_date": "2024-10-01T16:19:05.227Z",
        "book": null,
        "ebook": null,
        "accessory": null,
        "pencil": 2,
        "other": null,
        "book_wrap": null,
        "bookmark": null,
        "booklet_folder": null,
        "school_office": null,
        "delivery_method": null,
        "parcel_machine_location": null,
        "post_office_location": null,
        "home_address": null,
        "phone_number": null,
        "price": "2.00",
        "quantity": 1,
        "total_cost": "2.00",
        "status": "Pending",
        "payment_method": "Credit Card",
        "payment_status": "Unpaid",
        "delivery_email": "ott4004@gmail.com",
        "email_sent_date": null,
        "download_link": null,
        "download_expiry_date": null
    }
},
{
    "model": "store.order",
    "pk": 36,
    "fields": {
        "user": 1,
        "order_date": "2024-10-01T16:19:05.243Z",
        "book": null,
        "ebook": null,
        "accessory": null,
        "pencil": null,
        "other": 1,
        "book_wrap": null,
        "bookmark": null,
        "booklet_folder": null,
        "school_office": null,
        "delivery_method": null,
        "parcel_machine_location": null,
        "post_office_location": null,
        "home_address": null,
        "phone_number": null,
        "price": "3.00",
        "quantity": 1,
        "total_cost": "3.00",
        "status": "Pending",
        "payment_method": "Credit Card",
        "payment_status": "Unpaid",
        "delivery_email": "ott4004@gmail.com",
        "email_sent_date": null,
        "download_link": null,
        "download_expiry_date": null
    }
},
{
    "model": "store.order",
    "pk": 37,
    "fields": {
        "user": 1,
        "order_date": "2024-10-05T16:37:52.415Z",
        "book": null,
        "ebook": 1,
        "accessory": null,
        "pencil": null,
        "other": null,
        "book_wrap": null,
        "bookmark": null,
        "booklet_folder": null,
        "school_office": null,
        "delivery_method": null,
        "parcel_machine_location": null,
        "post_office_location": null,
        "home_address": null,
        "phone_number": null,
        "price": "19.99",
        "quantity": 1,
        "total_cost": "19.99",
        "status": "Pending",
        "payment_method": "Credit Card",
        "payment_status": "Unpaid",
        "delivery_email": "ott4004@gmail.com",
        "email_sent_date": null,
        "download_link": null,
        "download_expiry_date": null
    }
},
{
    "model": "store.order",
    "pk": 38,
    "fields": {
        "user": 1,
        "order_date": "2024-10-05T16:37:52.420Z",
        "book": 3,
        "ebook": null,
        "accessory": null,
        "pencil": null,
        "other": null,
        "book_wrap": null,
        "bookmark": null,
        "booklet_folder": null,
        "school_office": null,
        "delivery_method": null,
        "parcel_machine_location": null,
        "post_office_location": null,
        "home_address": null,
        "phone_number": null,
        "price": "24.65",
        "quantity": 1,
        "total_cost": "24.65",
        "status": "Pending",
        "payment_method": "Credit Card",
        "payment_status": "Unpaid",
        "delivery_email": "ott4004@gmail.com",
        "email_sent_date": null,
        "download_link": null,
        "download_expiry_date": null
    }
},
{
    "model": "store.order",
    "pk": 39,
    "fields": {
        "user": 1,
        "order_date": "2024-10-06T07:59:10.514Z",
        "book": 3,
        "ebook": null,
        "accessory": null,
        "pencil": null,
        "other": null,
        "book_wrap": null,
        "bookmark": null,
        "booklet_folder": null,
        "school_office": null,
        "delivery_method": null,
        "parcel_machine_location": null,
        "post_office_location": null,
        "home_address": null,
        "phone_number": null,
        "price": "24.65",
        "quantity": 1,
        "total_cost": "24.65",
        "status": "Pending",
        "payment_method": "Credit Card",
        "payment_status": "Unpaid",
        "delivery_email": "ott4004@gmail.com",
        "email_sent_date": null,
        "download_link": null,
        "download_expiry_date": null
    }
},
{
    "model": "store.order",
    "pk": 40,
    "fields": {
        "user": 1,
        "order_date": "2024-10-06T11:27:16.721Z",
        "book": null,
        "ebook": null,
        "accessory": null,
        "pencil": null,
        "other": null,
        "book_wrap": null,
        "bookmark": 1,
        "booklet_folder": null,
        "school_office": null,
        "delivery_method": null,
        "parcel_machine_location": null,
        "post_office_location": null,
        "home_address": null,
        "phone_number": null,
        "price": "4.99",
        "quantity": 1,
        "total_cost": "4.99",
        "status": "Pending",
        "payment_method": "Credit Card",
        "payment_status": "Unpaid",
        "delivery_email": "ott4004@gmail.com",
        "email_sent_date": null,
        "download_link": null,
        "download_expiry_date": null
    }
},
{
    "model": "store.order",
    "pk": 41,
    "fields": {
        "user": 1,
        "order_date": "2024-10-06T11:27:16.733Z",
        "book": null,
        "ebook": null,
        "accessory": null,
        "pencil": 2,
        "other": null,
        "book_wrap": null,
        "bookmark": null,
        "booklet_folder": null,
        "school_office": null,
        "delivery_method": null,
        "parcel_machine_location": null,
        "post_office_location": null,
        "home_address": null,
        "phone_number": null,
        "price": "2.00",
        "quantity": 1,
        "total_cost": "2.00",
        "status": "Pending",
        "payment_method": "Credit Card",
        "payment_status": "Unpaid",
        "delivery_email": "ott4004@gmail.com",
        "email_sent_date": null,
        "download_link": null,
        "download_expiry_date": null
    }
},
{
    "model": "store.order",
    "pk": 42,
    "fields": {
        "user": 1,
        "order_date": "2024-10-06T11:27:16.738Z",
        "book": 3,
        "ebook": null,
        "accessory": null,
        "pencil": null,
        "other": null,
        "book_wrap": null,
        "bookmark": null,
        "booklet_folder": null,
        "school_office": null,
        "delivery_method": null,
        "parcel_machine_location": null,
        "post_office_location": null,
        "home_address": null,
        "phone_number": null,
        "price": "24.65",
        "quantity": 1,
        "total_cost": "24.65",
        "status": "Pending",
        "payment_method": "Credit Card",
        "payment_status": "Unpaid",
        "delivery_email": "ott4004@gmail.com",
        "email_sent_date": null,
        "download_link": null,
        "download_expiry_date": null
    }
},
{
    "model": "store.order",
    "pk": 43,
    "fields": {
        "user": 1,
        "order_date": "2024-10-06T11:27:16.742Z",
        "book": null,
        "ebook": 2,
        "accessory": null,
        "pencil": null,
        "other": null,
        "book_wrap": null,
        "bookmark": null,
        "booklet_folder": null,
        "school_office": null,
        "delivery_method": null,
        "parcel_machine_location": null,
        "post_office_location": null,
        "home_address": null,
        "phone_number": null,
        "price": "5.50",
        "quantity": 1,
        "total_cost": "5.50",
        "status": "Pending",
        "payment_method": "Credit Card",
        "payment_status": "Unpaid",
        "delivery_email": "ott4004@gmail.com",
        "email_sent_date": null,
        "download_link": null,
        "download_expiry_date": null
    }
},
{
    "model": "store.order",
    "pk": 44,
    "fields": {
        "user": 1,
        "order_date": "2024-10-06T15:31:16.499Z",
        "book": null,
        "ebook": null,
        "accessory": null,
        "pencil": null,
        "other": null,
        "book_wrap": 1,
        "bookmark": null,
        "booklet_folder": null,
        "school_office": null,
        "delivery_method": null,
        "parcel_machine_location": null,
        "post_office_location": null,
        "home_address": null,
        "phone_number": null,
        "price": "2.00",
        "quantity": 1,
        "total_cost": "2.00",
        "status": "Pending",
        "payment_method": "Credit Card",
        "payment_status": "Unpaid",
        "delivery_email": "ott4004@gmail.com",
        "email_sent_date": null,
        "download_link": null,
        "download_expiry_date": null
    }
},
{
    "model": "store.order",
    "pk": 45,
    "fields": {
        "user": 1,
        "order_date": "2024-10-06T15:31:16.514Z",
        "book": null,
        "ebook": null,
        "accessory": null,
        "pencil": null,
        "other": null,
        "book_wrap": 2,
        "bookmark": null,
        "booklet_folder": null,
        "school_office": null,
        "delivery_method": null,
        "parcel_machine_location": null,
        "post_office_location": null,
        "home_address": null,
        "phone_number": null,
        "price": "4.00",
        "quantity": 1,
        "total_cost": "4.00",
        "status": "Pending",
        "payment_method": "Credit Card",
        "payment_status": "Unpaid",
        "delivery_email": "ott4004@gmail.com",
        "email_sent_date": null,
        "download_link": null,
        "download_expiry_date": null
    }
},
{
    "model": "store.order",
    "pk": 46,
    "fields": {
        "user": 1,
        "order_date": "2024-10-06T15:31:16.516Z",
        "book": null,
        "ebook": null,
        "accessory": null,
        "pencil": null,
        "other": null,
        "book_wrap": null,
        "bookmark": 1,
        "booklet_folder": null,
        "school_office": null,
        "delivery_method": null,
        "parcel_machine_location": null,
        "post_office_location": null,
        "home_address": null,
        "phone_number": null,
        "price": "4.99",
        "quantity": 1,
        "total_cost": "4.99",
        "status": "Pending",
        "payment_method": "Credit Card",
        "payment_status": "Unpaid",
        "delivery_email": "ott4004@gmail.com",
        "email_sent_date": null,
        "download_link": null,
        "download_expiry_date": null
    }
},
{
    "model": "store.order",
    "pk": 47,
    "fields": {
        "user": 1,
        "order_date": "2024-10-06T15:31:16.516Z",
        "book": null,
        "ebook": null,
        "accessory": null,
        "pencil": null,
        "other": null,
        "book_wrap": null,
        "bookmark": 2,
        "booklet_folder": null,
        "school_office": null,
        "delivery_method": null,
        "parcel_machine_location": null,
        "post_office_location": null,
        "home_address": null,
        "phone_number": null,
        "price": "3.99",
        "quantity": 1,
        "total_cost": "3.99",
        "status": "Pending",
        "payment_method": "Credit Card",
        "payment_status": "Unpaid",
        "delivery_email": "ott4004@gmail.com",
        "email_sent_date": null,
        "download_link": null,
        "download_expiry_date": null
    }
},
{
    "model": "store.order",
    "pk": 48,
    "fields": {
        "user": 1,
        "order_date": "2024-10-06T15:31:16.516Z",
        "book": null,
        "ebook": null,
        "accessory": null,
        "pencil": null,
        "other": null,
        "book_wrap": null,
        "bookmark": null,
        "booklet_folder": 1,
        "school_office": null,
        "delivery_method": null,
        "parcel_machine_location": null,
        "post_office_location": null,
        "home_address": null,
        "phone_number": null,
        "price": "0.50",
        "quantity": 1,
        "total_cost": "0.50",
        "status": "Pending",
        "payment_method": "Credit Card",
        "payment_status": "Unpaid",
        "delivery_email": "ott4004@gmail.com",
        "email_sent_date": null,
        "download_link": null,
        "download_expiry_date": null
    }
},
{
    "model": "store.order",
    "pk": 49,
    "fields": {
        "user": 1,
        "order_date": "2024-10-06T15:31:16.516Z",
        "book": null,
        "ebook": null,
        "accessory": null,
        "pencil": null,
        "other": null,
        "book_wrap": null,
        "bookmark": null,
        "booklet_folder": 2,
        "school_office": null,
        "delivery_method": null,
        "parcel_machine_location": null,
        "post_office_location": null,
        "home_address": null,
        "phone_number": null,
        "price": "2.50",
        "quantity": 1,
        "total_cost": "2.50",
        "status": "Pending",
        "payment_method": "Credit Card",
        "payment_status": "Unpaid",
        "delivery_email": "ott4004@gmail.com",
        "email_sent_date": null,
        "download_link": null,
        "download_expiry_date": null
    }
},
{
    "model": "store.order",
    "pk": 50,
    "fields": {
        "user": 1,
        "order_date": "2024-10-06T15:31:16.516Z",
        "book": null,
        "ebook": null,
        "accessory": null,
        "pencil": 1,
        "other": null,
        "book_wrap": null,
        "bookmark": null,
        "booklet_folder": null,
        "school_office": null,
        "delivery_method": null,
        "parcel_machine_location": null,
        "post_office_location": null,
        "home_address": null,
        "phone_number": null,
        "price": "1.00",
        "quantity": 1,
        "total_cost": "1.00",
        "status": "Pending",
        "payment_method": "Credit Card",
        "payment_status": "Unpaid",
        "delivery_email": "ott4004@gmail.com",
        "email_sent_date": null,
        "download_link": null,
        "download_expiry_date": null
    }
},
{
    "model": "store.order",
    "pk": 51,
    "fields": {
        "user": 1,
        "order_date": "2024-10-06T15:31:16.516Z",
        "book": null,
        "ebook": null,
        "accessory": null,
        "pencil": 2,
        "other": null,
        "book_wrap": null,
        "bookmark": null,
        "booklet_folder": null,
        "school_office": null,
        "delivery_method": null,
        "parcel_machine_location": null,
        "post_office_location": null,
        "home_address": null,
        "phone_number": null,
        "price": "2.00",
        "quantity": 1,
        "total_cost": "2.00",
        "status": "Pending",
        "payment_method": "Credit Card",
        "payment_status": "Unpaid",
        "delivery_email": "ott4004@gmail.com",
        "email_sent_date": null,
        "download_link": null,
        "download_expiry_date": null
    }
},
{
    "model": "store.order",
    "pk": 52,
    "fields": {
        "user": 1,
        "order_date": "2024-10-06T15:31:16.531Z",
        "book": null,
        "ebook": null,
        "accessory": null,
        "pencil": null,
        "other": 1,
        "book_wrap": null,
        "bookmark": null,
        "booklet_folder": null,
        "school_office": null,
        "delivery_method": null,
        "parcel_machine_location": null,
        "post_office_location": null,
        "home_address": null,
        "phone_number": null,
        "price": "3.00",
        "quantity": 1,
        "total_cost": "3.00",
        "status": "Pending",
        "payment_method": "Credit Card",
        "payment_status": "Unpaid",
        "delivery_email": "ott4004@gmail.com",
        "email_sent_date": null,
        "download_link": null,
        "download_expiry_date": null
    }
},
{
    "model": "store.order",
    "pk": 53,
    "fields": {
        "user": 1,
        "order_date": "2024-10-06T15:31:16.532Z",
        "book": null,
        "ebook": null,
        "accessory": null,
        "pencil": null,
        "other": 2,
        "book_wrap": null,
        "bookmark": null,
        "booklet_folder": null,
        "school_office": null,
        "delivery_method": null,
        "parcel_machine_location": null,
        "post_office_location": null,
        "home_address": null,
        "phone_number": null,
        "price": "3.50",
        "quantity": 1,
        "total_cost": "3.50",
        "status": "Pending",
        "payment_method": "Credit Card",
        "payment_status": "Unpaid",
        "delivery_email": "ott4004@gmail.com",
        "email_sent_date": null,
        "download_link": null,
        "download_expiry_date": null
    }
},
{
    "model": "store.order",
    "pk": 54,
    "fields": {
        "user": 1,
        "order_date": "2024-10-06T15:31:16.532Z",
        "book": 3,
        "ebook": null,
        "accessory": null,
        "pencil": null,
        "other": null,
        "book_wrap": null,
        "bookmark": null,
        "booklet_folder": null,
        "school_office": null,
        "delivery_method": null,
        "parcel_machine_location": null,
        "post_office_location": null,
        "home_address": null,
        "phone_number": null,
        "price": "24.65",
        "quantity": 1,
        "total_cost": "24.65",
        "status": "Pending",
        "payment_method": "Credit Card",
        "payment_status": "Unpaid",
        "delivery_email": "ott4004@gmail.com",
        "email_sent_date": null,
        "download_link": null,
        "download_expiry_date": null
    }
},
{
    "model": "store.order",
    "pk": 55,
    "fields": {
        "user": 1,
        "order_date": "2024-10-06T15:31:16.532Z",
        "book": 4,
        "ebook": null,
        "accessory": null,
        "pencil": null,
        "other": null,
        "book_wrap": null,
        "bookmark": null,
        "booklet_folder": null,
        "school_office": null,
        "delivery_method": null,
        "parcel_machine_location": null,
        "post_office_location": null,
        "home_address": null,
        "phone_number": null,
        "price": "6.99",
        "quantity": 2,
        "total_cost": "13.98",
        "status": "Pending",
        "payment_method": "Credit Card",
        "payment_status": "Unpaid",
        "delivery_email": "ott4004@gmail.com",
        "email_sent_date": null,
        "download_link": null,
        "download_expiry_date": null
    }
},
{
    "model": "store.order",
    "pk": 56,
    "fields": {
        "user": 1,
        "order_date": "2024-10-06T15:31:16.532Z",
        "book": null,
        "ebook": 1,
        "accessory": null,
        "pencil": null,
        "other": null,
        "book_wrap": null,
        "bookmark": null,
        "booklet_folder": null,
        "school_office": null,
        "delivery_method": null,
        "parcel_machine_location": null,
        "post_office_location": null,
        "home_address": null,
        "phone_number": null,
        "price": "19.99",
        "quantity": 1,
        "total_cost": "19.99",
        "status": "Pending",
        "payment_method": "Credit Card",
        "payment_status": "Unpaid",
        "delivery_email": "ott4004@gmail.com",
        "email_sent_date": null,
        "download_link": null,
        "download_expiry_date": null
    }
},
{
    "model": "store.order",
    "pk": 57,
    "fields": {
        "user": 1,
        "order_date": "2024-10-06T15:31:16.532Z",
        "book": null,
        "ebook": 2,
        "accessory": null,
        "pencil": null,
        "other": null,
        "book_wrap": null,
        "bookmark": null,
        "booklet_folder": null,
        "school_office": null,
        "delivery_method": null,
        "parcel_machine_location": null,
        "post_office_location": null,
        "home_address": null,
        "phone_number": null,
        "price": "5.50",
        "quantity": 1,
        "total_cost": "5.50",
        "status": "Pending",
        "payment_method": "Credit Card",
        "payment_status": "Unpaid",
        "delivery_email": "ott4004@gmail.com",
        "email_sent_date": null,
        "download_link": null,
        "download_expiry_date": null
    }
},
{
    "model": "store.order",
    "pk": 58,
    "fields": {
        "user": 1,
        "order_date": "2024-10-06T15:34:34.321Z",
        "book": 3,
        "ebook": null,
        "accessory": null,
        "pencil": null,
        "other": null,
        "book_wrap": null,
        "bookmark": null,
        "booklet_folder": null,
        "school_office": null,
        "delivery_method": null,
        "parcel_machine_location": null,
        "post_office_location": null,
        "home_address": null,
        "phone_number": null,
        "price": "24.65",
        "quantity": 1,
        "total_cost": "24.65",
        "status": "Pending",
        "payment_method": "Credit Card",
        "payment_status": "Unpaid",
        "delivery_email": "ott4004@gmail.com",
        "email_sent_date": null,
        "download_link": null,
        "download_expiry_date": null
    }
},
{
    "model": "store.order",
    "pk": 59,
    "fields": {
        "user": 1,
        "order_date": "2024-10-06T15:34:34.327Z",
        "book": null,
        "ebook": null,
        "accessory": null,
        "pencil": null,
        "other": null,
        "book_wrap": 1,
        "bookmark": null,
        "booklet_folder": null,
        "school_office": null,
        "delivery_method": null,
        "parcel_machine_location": null,
        "post_office_location": null,
        "home_address": null,
        "phone_number": null,
        "price": "2.00",
        "quantity": 1,
        "total_cost": "2.00",
        "status": "Pending",
        "payment_method": "Credit Card",
        "payment_status": "Unpaid",
        "delivery_email": "ott4004@gmail.com",
        "email_sent_date": null,
        "download_link": null,
        "download_expiry_date": null
    }
},
{
    "model": "store.order",
    "pk": 60,
    "fields": {
        "user": 1,
        "order_date": "2024-10-06T15:35:35.535Z",
        "book": null,
        "ebook": null,
        "accessory": null,
        "pencil": null,
        "other": null,
        "book_wrap": 1,
        "bookmark": null,
        "booklet_folder": null,
        "school_office": null,
        "delivery_method": null,
        "parcel_machine_location": null,
        "post_office_location": null,
        "home_address": null,
        "phone_number": null,
        "price": "2.00",
        "quantity": 1,
        "total_cost": "2.00",
        "status": "Pending",
        "payment_method": "Credit Card",
        "payment_status": "Unpaid",
        "delivery_email": "ott4004@gmail.com",
        "email_sent_date": null,
        "download_link": null,
        "download_expiry_date": null
    }
},
{
    "model": "store.order",
    "pk": 61,
    "fields": {
        "user": 1,
        "order_date": "2024-10-06T15:35:35.553Z",
        "book": null,
        "ebook": 1,
        "accessory": null,
        "pencil": null,
        "other": null,
        "book_wrap": null,
        "bookmark": null,
        "booklet_folder": null,
        "school_office": null,
        "delivery_method": null,
        "parcel_machine_location": null,
        "post_office_location": null,
        "home_address": null,
        "phone_number": null,
        "price": "19.99",
        "quantity": 1,
        "total_cost": "19.99",
        "status": "Pending",
        "payment_method": "Credit Card",
        "payment_status": "Unpaid",
        "delivery_email": "ott4004@gmail.com",
        "email_sent_date": null,
        "download_link": null,
        "download_expiry_date": null
    }
},
{
    "model": "store.order",
    "pk": 62,
    "fields": {
        "user": 1,
        "order_date": "2024-10-06T15:47:16.176Z",
        "book": null,
        "ebook": 1,
        "accessory": null,
        "pencil": null,
        "other": null,
        "book_wrap": null,
        "bookmark": null,
        "booklet_folder": null,
        "school_office": null,
        "delivery_method": null,
        "parcel_machine_location": null,
        "post_office_location": null,
        "home_address": null,
        "phone_number": null,
        "price": "19.99",
        "quantity": 1,
        "total_cost": "19.99",
        "status": "Pending",
        "payment_method": "Credit Card",
        "payment_status": "Unpaid",
        "delivery_email": "ott4004@gmail.com",
        "email_sent_date": null,
        "download_link": null,
        "download_expiry_date": null
    }
},
{
    "model": "store.order",
    "pk": 63,
    "fields": {
        "user": 1,
        "order_date": "2024-10-06T15:47:16.193Z",
        "book": 3,
        "ebook": null,
        "accessory": null,
        "pencil": null,
        "other": null,
        "book_wrap": null,
        "bookmark": null,
        "booklet_folder": null,
        "school_office": null,
        "delivery_method": null,
        "parcel_machine_location": null,
        "post_office_location": null,
        "home_address": null,
        "phone_number": null,
        "price": "24.65",
        "quantity": 1,
        "total_cost": "24.65",
        "status": "Pending",
        "payment_method": "Credit Card",
        "payment_status": "Unpaid",
        "delivery_email": "ott4004@gmail.com",
        "email_sent_date": null,
        "download_link": null,
        "download_expiry_date": null
    }
}
]
